,amount0_mint,amount0_remove,amount1_mint,amount1_remove,amountUSD_mint,amountUSD_remove,amount0_collect,amount1_collect,amountUSD_collect,origin,tickLower,tickUpper,timestamp,block,gasPrice,timestamp_1,OPfirst,OPlast,tx_mint_id,tx_burn_id,fees0,fees1,feesUSD,liquidity_PnL,operation_PnL,feesUSD_ac,liquidity_PnL_ac,operation_PnL_ac,date,feesUSD_ac_pool,pool_name
0,-0.0,2.848817607876839,-79999.999999,73171.40025,-80019.15555097065,80018.47292773287,2.85024272924146,73171.40025,80021.88941207291,0x747a1a613f9c38bac3acf573a72081e05ed0ddcc,-198510,-198500,1623499939,12619579,0,2021-06-12 12:12:19,Mint,Burn,0x2e784c317518c718d421c7e5347c5609d296b5a9bf1c5d599eca4c490365a76b,0x9bf7f089795ea0ff498a051bd88b5d4818a0edd14621abef5862110fe1d1e80e,0.0014251213646208072,0.0,3.4164843400358222,-0.6826232377788983,2.733861102256924,3.4164843400358222,-0.6826232377788983,2.733861102256924,2021-06-12,82641.0498948819,WETH-USDT-500
1,-0.0,10.311259962152521,-113240.872781,89304.702682,-113261.97087232032,113258.50795371679,10.31641817123814,89304.702682,113270.48252438573,0x62d2ec5840ee59fe51f4c229d777897de4a22da5,-198830,-198820,1623565408,12624466,0,2021-06-13 06:23:28,Mint,Burn,0x8c433e7bb34878ceb25f3f149105f793149fff0662b4b856b1864ff4d92f8e6f,0x898a76f9f17ab213c3669d6905105c3a43a098628e4b4e424d35ba80014d896e,0.005158209085619703,0.0,11.97457066894276,-3.462918603530852,8.511652065411909,15.391055008978583,-4.1455418413097505,11.245513167668832,2021-06-13,92451.160693762,WETH-USDT-500
2,-131.59403506603212,112.83762040282123,-0.0,48417.514963,-339043.5792011608,339139.0183917403,112.83762040282123,48441.735831,339163.24057134736,0x849275c4a1942f6b39060de790cddb005e9b0ded,-197760,-197750,1623681226,12633129,0,2021-06-14 14:33:46,Mint,Burn,0xa3b47c8e0fe806cbf741ac5adf10cb2bf9753bb75ace69c15735e9d6ef04f188,0xa8916146b05b5647379fe0fc8a82c1d5bf96368790d8860f4bae4009e6208c98,0.0,24.2208679999967,24.22217960708076,95.43919057946187,119.66137018654263,39.613234616059344,91.29364873815211,130.90688335421146,2021-06-14,103043.10403487747,WETH-USDT-500
3,-0.0,8.64854557069838,-5953861.918341,5935730.348431,-5951551.419094817,5951551.472709508,8.652872006701731,5935730.348431,5951560.539536549,0xafc6d6e8efba19b08faa0fb9493d61270fb3489b,-199850,-199840,1624918901,12725206,0,2021-06-28 22:21:41,Mint,Burn,0xf2a75cc912b880e7fa665e2ad15ba46b630116518dabe2b089665407ea2f3dec,0xa09b22ead3f2d021c923ddf0690818422be2483574ca04c6aacf3cf041637e18,0.004326436003351475,0.0,9.066827041096985,0.05361469089984894,9.120441731996834,48.68006165715633,91.34726342905196,140.0273250862083,2021-06-28,337492.3962003774,WETH-USDT-500
4,-0.0,13.963062657258245,-12561816.432679,12532219.264,-12557700.486931048,12557680.738813093,13.970047681098794,12532219.264,12557695.530070167,0xafc6d6e8efba19b08faa0fb9493d61270fb3489b,-199740,-199730,1624926860,12725806,0,2021-06-29 00:34:20,Mint,Burn,0xd48fdc8fc5acb1d18f0c2b3bda997971e7953f080bd1e37ee1dd1a4ee2d83a9f,0xe2966c4b3c0c8dc6f00ddf4bdcc2a0a9b7958321ba5b8fe2d7d115fe494477ba,0.0069850238405493315,0.0,14.79125707410276,-19.74811795540154,-4.95686088129878,63.47131873125909,71.59914547365042,135.0704642049095,2021-06-29,359529.18940845586,WETH-USDT-500
5,-0.0,12.320246205956007,-12625819.58983,12599678.529323,-12604417.140978813,12604455.86745408,12.326409410661336,12599678.529323,12604468.941728415,0xab84802093563270e0c963a47c195112c5c1219a,-199730,-199720,1624931637,12726162,0,2021-06-29 01:53:57,Mint,Burn,0x9c7a731caea860d36a5118abd0b2ef6e60e943d2e5a4e623c70966605343f990,0xf4c859f23cba7e2f9a64b1b7ffb772e8776859c13f325ee45f6e0248befd4182,0.006163204705329051,0.0,13.074274335056543,38.726475266739726,51.80074960179627,76.54559306631563,110.32562074039015,186.87121380670578,2021-06-29,359529.18940845586,WETH-USDT-500
6,-1896.189508135019,1882.5033157254204,-0.0,28209.446365,-3910413.5520429867,3910473.2615214675,1882.5033157254204,28223.558144,3910487.4106140607,0xed61c2fd074297f0761f758e10e8422e607cf17a,-200010,-200000,1625197009,12745818,0,2021-07-02 03:36:49,Mint,Burn,0x34a0aaa1cb75203ceefe9d4d09cd1a6b9b49301043809973e7d4da60e7ced307,0xc6fb5f87b1018d7d02bc54307b83069570e942dd8c97e4bf8126e685aef31555,0.0,14.111778999998933,14.149092593230307,59.70947848074138,73.85857107397169,90.69468565954594,170.03509922113153,260.72978488067747,2021-07-02,419820.4651320883,WETH-USDT-500
7,-0.0,6.2181110364838315,-8813009.63879,8800218.772264,-8812590.591403244,8812605.487882616,6.221221647307485,8800218.772264,8812611.893662915,0xf431b970204ceca4b9e169732a8d3222f78b14f1,-200040,-200030,1625215677,12747191,0,2021-07-02 08:47:57,Mint,Burn,0x8320d25bbd0292f638a820ae0d674f38eb3237deac55f771e596fb55aa267c3b,0xe1566549df4b2fac71945f194e253199202b391d0d46272c195be38f50c5e51f,0.0031106108236533814,0.0,6.405780298635364,14.89647937193513,21.302259670570493,97.1004659581813,184.93157859306666,282.03204455124796,2021-07-02,419820.4651320883,WETH-USDT-500
8,-6453.709212481782,6442.751847986979,-0.0,22903.225583,-13516074.72085001,13516034.016808882,6442.751847986979,22914.682924,13516045.476251064,0x3f5a8739d0a96f207cc67cb32b83ad370da9ee6b,-199870,-199860,1625253305,12750033,0,2021-07-02 19:15:05,Mint,Burn,0x0306a6da94c10065a4a096c64b3f8429be0b28cb84e668c488d483cc9cacc28e,0x554defbc763300061f0fee53f19141baa73582fa75d94333b94083b35ad297b7,0.0,11.457341000001179,11.459442181512713,-40.70404112711549,-29.244598945602775,108.55990813969402,144.22753746595117,252.7874456056452,2021-07-02,419820.4651320883,WETH-USDT-500
9,-0.0,7.148027281466716,-5756273.88789,5741347.953124,-5756821.199804413,5756839.6852012705,7.15160308300822,5741347.953124,5756847.161859267,0xafc6d6e8efba19b08faa0fb9493d61270fb3489b,-199890,-199880,1625259425,12750504,0,2021-07-02 20:57:05,Mint,Burn,0x173b3c4a1f6532533cddc31a96f7e6725fa11654c15c6c02b8816c4edd3c6eed,0xba7511d4d176993bcc3984f38471abb6a0025d637427e3924a960a3780429dbc,0.0035758015415039424,0.0,7.4766579968854785,18.485396857373416,25.962054854258895,116.0365661365795,162.7129343233246,278.7495004599041,2021-07-02,419820.4651320883,WETH-USDT-500
10,-7892.735331833878,7884.297742284164,-0.0,17813.593117,-16640225.687769242,16640245.798761912,7884.297742284164,17822.504369,16640254.707741657,0xafc6d6e8efba19b08faa0fb9493d61270fb3489b,-199770,-199760,1625264646,12750882,0,2021-07-02 22:24:06,Mint,Burn,0xd7acae873cd431c7c62257561c7ce03ad6f1cc277746c65d5d7a643337a3f8ca,0x326a4f966ec214efb4fc981b3d0704e3ff82058c3756f26d7a1de665170f2671,0.0,8.911251999998058,8.908979745581746,20.110992670059204,29.01997241564095,124.94554588216124,182.8239269933838,307.76947287554503,2021-07-02,419820.4651320883,WETH-USDT-500
11,-0.0,13.861817162992867,-9775705.05711,9745031.566125,-9774968.351190057,9774959.459245505,13.868751538762249,9745031.566125,9774974.798058642,0x96f1f7312cf0aa58380a2955ec6eda7e2194361a,-199310,-199300,1625371547,12758833,0,2021-07-04 04:05:47,Mint,Burn,0xa5e5facea096aba79da1b7b08d93e0d295e204866435324fe5e5fe4a2c7f1235,0x17803512cfeb0716e4904baa59246d31cefbda175bed43e116a99fdbb4ce49c3,0.0069343757693811625,0.0,15.33881313726306,-8.891944551840425,6.446868585422635,140.2843590194243,173.93198244154337,314.21634146096767,2021-07-04,456955.3383111343,WETH-USDT-500
12,-0.0,11.526607295368953,-6117691.803571,6090985.067273,-6118698.297163688,6118712.382819834,11.532373482110007,6090985.067273,6118725.752112377,0xa6a689acd5c3dbb53285a37a8ff268d6f32936f7,-198850,-198840,1625393120,12760413,0,2021-07-04 10:05:20,Mint,Burn,0x5402059bf4b93bebe4cb72ad7121528cd229c1f0db22ab2416762df8a1142bca,0x71ba3f4d18a4c8784f3746c4ff5b0550e3e31240ef15c0628e5a8061da93c138,0.0057661867410541134,0.0,13.369292543269694,14.085656146518886,27.45494868978858,153.653651562694,188.01763858806225,341.67129015075625,2021-07-04,456955.3383111343,WETH-USDT-500
13,-4689.863039671725,4684.535818678382,-0.0,12542.080757,-11035586.690833466,11035591.793649169,4684.535818678382,12548.354934,11035598.067004796,0x74148554ab64b104264b533e7d1d379fa27a288e,-198680,-198670,1625433309,12763397,0,2021-07-04 21:15:09,Mint,Burn,0xdbabe85ca7eb6233b6e60f0fc917f04e3498350f96701aa023ea57f3517c9e8c,0x04ac8c4d8da0f6b0548a944be974eb33a20d70a6f301cb50e10a7bbfeccff162,0.0,6.274177000001146,6.2733556274324656,5.102815702557564,11.37617132999003,159.92700719012646,193.12045429061982,353.0474614807463,2021-07-04,456955.3383111343,WETH-USDT-500
14,-348.2074287352914,336.0098292164679,-6431378.728849,6460265.576957,-7256600.234036791,7256548.135624308,336.0098292164679,6460280.027606,7256562.584471635,0x74148554ab64b104264b533e7d1d379fa27a288e,-198630,-198620,1625438613,12763804,0,2021-07-04 22:43:33,Mint,Burn,0x1dab9f8ea881126343c8f0453d6a00e750215feacf2a5d74b53561b43c04a072,0x8e7fd2a2c316e71b79364a3aa33eaa458f9763ecf10b05de922075fefe335b84,0.0,14.450648999772966,14.44884732645005,-52.098412482999265,-37.649565156549215,174.3758545165765,141.02204180762055,315.39789632419706,2021-07-04,456955.3383111343,WETH-USDT-500
15,-0.0,3.0027584595675827,-6982030.124502,6975086.728958,-6988604.795992853,6988607.379043234,3.004260589862514,6975086.728958,6988610.857040675,0x3203828d472a6b86b2508ab8dba8a0174d5ac9e2,-198870,-198860,1625447308,12764450,0,2021-07-05 01:08:28,Mint,Burn,0x25f564aa042e3d363dcfb60cae94cca5b14782e4283807cb2f60e8d66df8f081,0xdae25a17c422a7da7aaba2f5da67abf973e2a35c84a0d4ad91520a4a8340c4a5,0.001502130294931181,0.0,3.477997441776097,2.583050380460918,6.061047822237015,177.8538519583526,143.60509218808147,321.4589441464341,2021-07-05,472769.20037537423,WETH-USDT-500
16,-0.0,11.082856267960128,-9544034.762785,9518889.761073,-9544108.57183636,9544091.781963732,11.088400468194227,9518889.761073,9544104.352452125,0x73c2aefe92b8031dd9e52228b788aa1ca38c93a2,-199060,-199050,1625472073,12766290,0,2021-07-05 08:01:13,Mint,Burn,0xe46c5a5a2cf8bf30e0733633832f4b9cf90998e2b0cc756e3b1bfdfd2025a74e,0xfbca523b5a4c141b989b5a7c62439634e6d7fee051cb3e3e4e4fb7269aaac0aa,0.005544200234098184,0.0,12.570488393306732,-16.789872627705336,-4.219384234398603,190.42434035165934,126.81521956037614,317.2395599120355,2021-07-05,472769.20037537423,WETH-USDT-500
17,-0.0,18.849309470290184,-12502530.740645,12461070.405387,-12501023.457323339,12501106.562661918,18.85873883971004,12461070.405387,12501127.342272827,0x625c546c1ec0db4afbecdf1214cbbbfddeeefd7c,-199370,-199360,1625529825,12770605,0,2021-07-06 00:03:45,Mint,Burn,0xc2be1e3490e76e31b96e8b228a3964f1fe53cf69e3ac5f3c59f6a38c8e71dce1,0xcaf5a7a2fa8208f51b7a13534160364803075d0d8f1f5c7a19d9dee140c1ca57,0.009429369419855504,0.0,20.77961090952158,83.10533857904375,103.88494948856533,211.20395126118092,209.92055813941988,421.1245094006008,2021-07-06,495049.90848046023,WETH-USDT-500
18,-0.0,33.50870384692042,-4749600.059749,4670314.517245,-4748697.282055558,4748594.448247954,33.52546658021052,4670314.517245,4748634.054771647,0xa9b886e5932ae7a44b776d3f1ccb9fefa0732859,-198640,-198630,1625631858,12778157,0,2021-07-07 04:24:18,Mint,Burn,0x066cc942b17df6d47e979e48348874c90a15cd351b5dac39711fc10ae1384a9e,0x381f18a198cc8f897273610314f7cb017f0e7f7901dbe180c2095bd6f96faee4,0.016762733290100584,0.0,39.60652369260788,-102.83380760345608,-63.2272839108482,250.8104749537888,107.0867505359638,357.8972254897526,2021-07-07,518945.93814798864,WETH-USDT-500
19,-12477.437348922434,12405.682793050979,-0.0,172175.179571,-29835448.55217386,29836015.638294436,12405.682793050979,172261.310226,29836101.752917517,0xaad58506d4d81d68d9a3026b644ee1ad7d660627,-198490,-198480,1625633838,12778323,0,2021-07-07 04:57:18,Mint,Burn,0x3a7d04c41d89b1fa22e4b47786b168748d0a67c886e280096e960ba82b0e62d8,0x4e0ab886664a775178d71cb2ea730eda7405baaa2b3144c6670217f3994fb943,0.0,86.1306550000154,86.11462308093905,567.0861205756664,653.2007436566055,336.92509803472785,674.1728711116302,1011.0979691463581,2021-07-07,518945.93814798864,WETH-USDT-500
20,-9803.243521988876,9784.056646494373,-0.0,42926.492501,-21893526.302795578,21893600.010467067,9784.056646494373,42947.966484,21893621.483025234,0x35b67e61eb9a8d6ce03b36d6ac277c1c33dc00ca,-199190,-199180,1625722584,12784894,0,2021-07-08 05:36:24,Mint,Burn,0x4d818da6dfad05e5380ced201038c5847fa300c6c7d2a9431168792d367ab8ac,0x3c70575892662d3a5eab99f3683cdc469ed8b7d1de2cd405d3f36aadcbbd533c,0.0,21.473982999996224,21.472558166831732,73.70767148956656,95.1802296563983,358.3976562015596,747.8805426011968,1106.2781988027564,2021-07-08,539513.2198376395,WETH-USDT-500
21,-6455.604966947312,6442.470738974159,-0.0,28630.875044,-14057912.612249618,14057945.689388707,6442.470738974159,28645.197643,14057960.013827562,0xa9b886e5932ae7a44b776d3f1ccb9fefa0732859,-199450,-199440,1625741263,12786265,0,2021-07-08 10:47:43,Mint,Burn,0xe9143cea1c915e9a39018efd7f2b0d804924211ce570b1b5f5501a80110a0a55,0xdb00b2839bd9de9a2bb34ecc843a070cd2734e902dcae0351407ae0d8859f7d6,0.0,14.322598999999173,14.324438855051994,33.077139088883996,47.40157794393599,372.7220950566116,780.9576816900808,1153.6797767466924,2021-07-08,539513.2198376395,WETH-USDT-500
22,-6673.7565934210415,6665.984034762536,-0.0,16327.729558,-14012228.558204042,14012238.343129113,6665.984034762536,16335.897507,14012246.511743575,0x8a833c9543daa6ca2e8f3f3ceb4debdeadeca31a,-199820,-199810,1625826664,12792668,0,2021-07-09 10:31:04,Mint,Burn,0xb5e33cbeabfb0bc268f396a383e8b2aa2e8dc6a593ccbf35cfe73385bc929b4b,0x8291dc3cd44fd7568f913bbe337f259067017544e452e544ada72fbb832efcc6,0.0,8.16794899999877,8.168614462018013,9.784925071522593,17.953539533540606,380.8907095186296,790.7426067616034,1171.633316280233,2021-07-09,568723.3306336083,WETH-USDT-500
23,-12325.983145003696,12293.460416378197,-0.0,70049.639506,-26606050.911393266,26605890.67758936,12293.460416378197,70084.681847,26605925.715695664,0xe81544b1e5dc2dd81953f76a3d02b1df746d2d4d,-199570,-199560,1626064681,12810345,0,2021-07-12 04:38:01,Mint,Burn,0x6cd398efd9e0502911c295afe5561ea12bcbb499b09d8cbdbefb0a0f95c6ee54,0xfed0b0c9cf2dac6370842b76828f082c566abfaf1913e359e981e9ed507294db,0.0,35.04234099999303,35.03810630366206,-160.23380390554667,-125.1956976018846,415.92881582229165,630.5088028560567,1046.4376186783484,2021-07-12,606776.414130632,WETH-USDT-500
24,-0.0,83.12683900534532,-8296062.579895,8126431.879781,-8278873.504152353,8279092.802857554,83.1684232169538,8126431.879781,8279177.594519129,0xa6a689acd5c3dbb53285a37a8ff268d6f32936f7,-200120,-200110,1626110494,12813778,0,2021-07-12 17:21:34,Mint,Burn,0x6b694bc7ef46a8f13296e16803832d2c196ec503449f85a5d46ad9e2ab5d44e2,0x96ebc98b55b9866deae84ba94cb1018d2087bcd167b979808603d2aa022c29c7,0.04158421160848036,0.0,84.79166157543659,219.2987052006647,304.0903667761013,500.72047739772825,849.8075080567214,1350.5279854544497,2021-07-12,606776.414130632,WETH-USDT-500
25,-0.0,166.73348360024013,-11554725.862138,11238121.52235,-11570092.112035457,11570342.421181088,166.81689204626326,11238121.52235,11570501.138385005,0xb36e3e5f289e70e3ae84069a681f5d5a63ad482c,-200840,-200830,1626224302,12822093,0,2021-07-14 00:58:22,Mint,Burn,0x88a7c2052010efd2bd5cf02a7a258768b1329f6068b6864ef19837c46efbeb8f,0x1fd8be7329dcf2994fbcbbc6eb545f1f9f257d398114eb631cec5fe529e2d207,0.08340844602312814,0.0,158.71720391698182,250.30914563126862,409.02634954825044,659.4376813147101,1100.11665368799,1759.5543350027,2021-07-14,654643.0501827057,WETH-USDT-500
26,-0.0,24.944351471923323,-5996002.07774,5950765.054428,-5995394.057065311,5995414.30041141,24.956829886866757,5950765.054428,5995436.938069953,0x9c851f5fcf3945c398a4eef75c53e7e6b0ebc035,-201300,-201290,1626700297,12857172,0,2021-07-19 13:11:37,Mint,Burn,0x5abee85c2d987a79b0c9fb955dc6d4fbc7453a5bbc085d283d8d69e5b7da20cf,0x40ad7ec3bc7df754a1c9195b1580a5a13910a713b87f1196b840e8b8fdfd6e03,0.012478414943434046,0.0,22.63765854295343,20.243346098810434,42.881004641763866,682.0753398576635,1120.3599997868005,1802.435339644464,2021-07-19,769052.1143143813,WETH-USDT-500
27,-0.0,433.8737093220573,-12804293.219094,12047569.568631,-12803154.782484762,12806360.153326081,434.090754699407,12047569.568631,12806740.274256846,0xef6621610ff3ad7648d48eb6511ddb2c6c14c81e,-201690,-201680,1626750636,12860960,0,2021-07-20 03:10:36,Mint,Burn,0xebfc8746e972b5faf5d6f194d58500bee563d820d3098b6e7fca5e372b757720,0x7f64845d25ca37421f8ae787ba1d49d84acd8aaf2aaf2a87c0ee95283c901911,0.21704537734967744,0.0,380.12093076482415,3205.3708413187414,3585.4917720835656,1062.1962706224876,4325.730841105542,5387.92711172803,2021-07-20,789465.1616201387,WETH-USDT-500
28,-13238.832393698429,13211.783153730119,-0.0,47414.773086,-23202327.40240661,23202330.319185752,13211.783153730119,47438.492332,23202354.03569988,0xb45d18784d394234526ba77a1a033dcf59a3277d,-201630,-201620,1626780265,12863120,0,2021-07-20 11:24:25,Mint,Burn,0xb1cc75e17f30cec54f9cf1479ce100fe1185aeef1ab6a1c26e847c37aab30058,0x828646bc8e7c481b04984ba37690c25330b176fa401a0265386aec81eed7ffdb,0.0,23.719246000000567,23.716514129191637,2.9167791418731213,26.63329327106476,1085.9127847516793,4328.647620247415,5414.560404999094,2021-07-20,789465.1616201387,WETH-USDT-500
29,-0.0,29.876900509386758,-11995227.586718,11941476.923622,-11993891.66779924,11993957.680180069,29.89184643260306,11941476.923622,11993984.596706005,0x33b7f9d7257ba310743764d1a5011e299b6abc3c,-201380,-201370,1626840033,12867541,0,2021-07-21 04:00:33,Mint,Burn,0xf9ec30a025c1e2e267f5704090c9f0752e256a8d0e014399289e1ec3122abbc4,0x7c1bb8443196075e7cfb0c7928610a46ef4d219947c6f45b9524645e35bb86b5,0.014945923216302504,0.0,26.91652593575418,66.01238082908094,92.92890676483512,1112.8293106874335,4394.660001076496,5507.489311763929,2021-07-21,829411.5260017351,WETH-USDT-500
30,-15868.660348308556,15378.685575726577,-0.0,934151.900341,-30233557.765585076,30234095.868632905,15378.685575726577,934619.209946,30234563.130331676,0x9921dec60de34a2769e1bfcce1de03081b869a6f,-200790,-200780,1626862303,12869173,0,2021-07-21 10:11:43,Mint,Burn,0x42671a4b944fc57733ef47dd1ef65c4498505432491a4ddd5056acea9a11e3b6,0x1478cc4b64f271004e30dee6f090d2df42d5c13cd610dbb2cb64b136555bcfe5,0.0,467.30960500007495,467.26169877126813,538.1030478291214,1005.3647466003895,1580.0910094587016,4932.763048905617,6512.854058364319,2021-07-21,829411.5260017351,WETH-USDT-500
31,-8747.799824436153,8722.07365658441,-0.0,50137.978174,-17075682.612649295,17075587.892539117,8722.07365658441,50163.059704,17075612.966422677,0x3777db4f0f3e1b9c294f74112407ebc0e4ac7462,-200570,-200560,1626896077,12871688,0,2021-07-21 19:34:37,Mint,Burn,0x0eb251b24f89a7d297617300854e564502fc24f3c18219d0ad922f8ff0a1990d,0x461e6170ec228292e968cdf6ef99632b4004695506629f76ed9fc49acf76dce9,0.0,25.081529999995837,25.073883559554815,-94.72011017799377,-69.64622661843896,1605.1648930182564,4838.042938727624,6443.20783174588,2021-07-21,829411.5260017351,WETH-USDT-500
32,-13276.95030485463,13223.077727641847,-0.0,107220.898168,-26421382.847367637,26421374.45141161,13223.078043988708,107275.165052,26421429.33677612,0x8a500c4ceeb7c7eb805bed863108e6c0d2df68ac,-200360,-200350,1626930002,12874219,0,2021-07-22 05:00:02,Mint,Burn,0xbd5c49c6eab8c192b48ab5f7ea597240b423066c6b996860ce1a8daff53467d7,0x66d9716b46b8a3390015998ed42992b6fd78ed9a1f4e50a2df045a747133f03f,0.0003163468609272968,54.266883999996935,54.88536451011896,-8.39595602825284,46.48940848186612,1660.0502575283754,4829.646982699371,6489.697240227746,2021-07-22,868524.0356333823,WETH-USDT-500
33,-2655.4052370373925,2633.8862850141695,-7614338.910916,7657192.67123,-12886977.889123635,12887082.090020383,2633.8862850141695,7657214.108829,12887103.523315692,0xceced48315c0e2c988db4fadf9ddbf5af89edfae,-200360,-200350,1626964661,12876792,0,2021-07-22 14:37:41,Mint,Burn,0x494f3e9c879abae1d06659834e085e02068f545ed9cdd35024cce9baf6125406,0x768907797be8ba79fbd37321facb0fbd9e5aebb8d0774309e053fd4504d7b262,0.0,21.43759899958968,21.43329530954361,104.2008967474103,125.6341920569539,1681.483552837919,4933.847879446781,6615.3314322847,2021-07-22,868524.0356333823,WETH-USDT-500
34,-12960.965526239179,12932.923462439401,-0.0,56824.831991,-26261438.263481054,26261433.82137004,12932.923462439401,56853.258621,26261462.242699355,0x174fcf92df1c43b43ce67e1183a37b2310f1dde1,-200180,-200170,1626981227,12878005,0,2021-07-22 19:13:47,Mint,Burn,0x787ee40ff13ff1bd09c5830f87730f5f34ded2b82841253b8466b6914f2e3c23,0x2103a387e01378a16340430b7a3d97136b86e79bdc8fdefb7ff30ff7368a6a2b,0.0,28.42663000000175,28.42132931575179,-4.442111015319824,23.979218300431967,1709.9048821536708,4929.405768431461,6639.310650585132,2021-07-22,868524.0356333823,WETH-USDT-500
35,-12681.998206666225,12646.10481310408,-0.0,72662.206235,-25696244.90551816,25696166.318017025,12646.10481310408,72698.555513,25696202.660463654,0xb5db461d7c2bfe69e70a3420b24309252e018b60,-200190,-200180,1626982143,12878073,0,2021-07-22 19:29:03,Mint,Burn,0x7c0f42b65f500ab6713eb519c3795c1b95b11393f25ea5fa51b00e4f5ba6b194,0x9648d45e5585410a62e256dbbf784001357c7cb259ec6b69a85db5027a0b665e,0.0,36.34927799999423,36.34244662895799,-78.58750113472342,-42.24505450576544,1746.2473287826288,4850.818267296738,6597.0655960793665,2021-07-22,868524.0356333823,WETH-USDT-500
36,-12675.706863230696,12099.17408664625,-0.0,1189538.502542,-26159574.940192316,26159060.984140825,12099.17408664625,1190133.569327,26159655.936328858,0xed61c2fd074297f0761f758e10e8422e607cf17a,-200000,-199990,1627004937,12879794,0,2021-07-23 01:48:57,Mint,Burn,0x74026c65133610e5731516f2912eeb57c03c68345baf7613db0c3e915de761ae,0xa1848d98e69aa129fc9ae6efb426bc8ed0754d1f4264cbfe7388484f60dd433f,0.0,595.0667850000318,594.9521880336106,-513.9560514912009,80.99613654240966,2341.1995168162393,4336.862215805537,6678.061732621776,2021-07-23,906190.0928274187,WETH-USDT-500
37,-13383.297840025069,13359.864375349638,-7361921.515184,7410570.975064,-35128842.237203546,35128861.64905452,13359.864375349638,7410595.311962,35128885.98136468,0x53ec4bb1389d9ded94fd78947bcb65963349b025,-199940,-199930,1627016464,12880643,0,2021-07-23 05:01:04,Mint,Burn,0x6017c2df7cb8b2da3d95250a9f6f11a52425db0bac77e1ef6c1bc796310daa30,0xa65fef74ba7a3f6d09a79fcc295ba42a43498316ab77d4614a487b1773c27154,0.0,24.336897999979556,24.332310162484646,19.411850973963737,43.74416113644838,2365.531826978724,4356.274066779501,6721.805893758225,2021-07-23,906190.0928274187,WETH-USDT-500
38,-14479.704573131896,13902.90816941527,-0.0,1280199.729259,-32104904.263005506,32106142.039635517,13902.90816941527,1280840.149333,32106782.425233226,0x93ea35f31ab7ca28c4cd7e9b48714c8dc6f6529a,-199270,-199260,1627258738,12898599,0,2021-07-26 00:18:58,Mint,Burn,0x2631624ddd17017ab34f00aa88bcbbe2becbb801ab9bdd30570e079df2b870cf,0x2056ddeb05f6a379a5656e7dad748eb67cba6dfd92829e92e33f7955d4c8d78f,0.0,640.4200740000233,640.3855977095664,1237.7766300104558,1878.1622277200222,3005.9174246882903,5594.050696789956,8599.968121478247,2021-07-26,981692.7675730024,WETH-USDT-500
39,-13276.609163979138,13254.809875610563,-0.0,48917.720678,-29736446.9735147,29736547.38935773,13254.809875610563,48942.191774,29736571.86441402,0x368dec1eb6e533119f8740c15613144bf5a668ca,-199160,-199150,1627415275,12910022,0,2021-07-27 19:47:55,Mint,Burn,0xcf9c1937127af3679832688b123a4a4bb2bce4c33c6d4804cc27a372e0707153,0xd4657fb94e900d18dd0069b7a55f250869b21b8d1ad7c4f97dc58292ab2d2cbf,0.0,24.471096000001126,24.475056290626526,100.41584303230047,124.890899322927,3030.392480978917,5694.466539822257,8724.859020801174,2021-07-27,1052807.726062295,WETH-USDT-500
40,-12320.201548520814,12297.244910562627,-0.0,51514.825101,-27673703.48389031,27673673.66331549,12297.244910562627,51540.595398,27673699.443957116,0x368dec1eb6e533119f8740c15613144bf5a668ca,-199160,-199150,1627419343,12910316,0,2021-07-27 20:55:43,Mint,Burn,0xfe68296cc28e0156dffe3fac74d54237868b1c3847e82a60dbb6c2ff04ed0259,0x01f4dd520153fb45291cd134b9d84c1ca008d3955726a6eb9cf264515d70704f,0.0,25.77029699999548,25.78064162656665,-29.820574820041656,-4.039933193475008,3056.1731226054835,5664.645965002215,8720.819087607699,2021-07-27,1052807.726062295,WETH-USDT-500
41,-10341.821104340113,10308.322707844658,-0.0,76689.113454,-23660304.092598468,23660564.89534706,10308.322707844658,76727.477193,23660603.36426187,0x0bafea29c7c7297dcc607e208f37e820d73da928,-198960,-198950,1627436301,12911552,0,2021-07-28 01:38:21,Mint,Burn,0x0e9264c504bd49bae72c90f8b202074c6f0ac67eb3728f3d74bef0bfebb34c03,0xb3daa86a01ec089193e2a0ab193284b1c3c76666759702cc65f0beb43a9ef81d,0.0,38.363738999993075,38.468914810568094,260.8027485907078,299.2716634012759,3094.6420374160516,5925.448713592923,9020.090751008975,2021-07-28,1099610.0293766612,WETH-USDT-500
42,-13967.062431417226,13940.957206638017,-0.0,60183.403943,-32201137.261685077,32201166.66922307,13940.957206638017,60213.510698,32201196.791855596,0x29d92a1517034636720fd3bd7e48c4649a249ee8,-198890,-198880,1627469442,12914003,0,2021-07-28 10:50:42,Mint,Burn,0x552df96a02b2a2a110b20dcd074957cf26727eb847335ac407a169969180c56c,0x36ce83199bf136336c146d93a1039df14ca9836d4e772be28d1c02a8f95fd897,0.0,30.106755000000703,30.122632525861263,29.40753799304366,59.530170518904924,3124.764669941913,5954.856251585967,9079.62092152788,2021-07-28,1099610.0293766612,WETH-USDT-500
43,-12406.781950849678,12371.065096427668,-0.0,81767.896205,-28449214.481784612,28449076.134392433,12371.065096427668,81808.800605,28449117.035709806,0x0205c150e03a7b2dbef101a6edae1fc72c4dd2e3,-198960,-198950,1627561292,12920692,0,2021-07-29 12:21:32,Mint,Burn,0xfc7a37a5739e93faea8c22c32de1cb68130d15e9bfd62dae420042c92e33872c,0x3e65b722cb8990cbb3662872bd523b3aebe71700711f5b6eb1c41e6538fb703a,0.0,40.90439999999944,40.90131737291813,-138.3473921790719,-97.44607480615377,3165.665987314831,5816.508859406895,8982.174846721726,2021-07-29,1141181.9583752512,WETH-USDT-500
44,-12683.70645969001,12653.1146687189,-0.0,72965.843209,-30173394.553459298,30173574.1504557,12653.1146687189,73002.344381,30173610.646058634,0x5aeab93e2bf6a80754201fd1236a8de9cfc0b5ba,-198550,-198540,1627603058,12923765,0,2021-07-29 23:57:38,Mint,Burn,0x13ac0b06fb45c93367c02ce4b7cd492c5e76e60bf479865166e26004bd2f9ce9,0x2efa79aa3a880512208632e8d17d1e9737f81a30dea36b76d9f714a12352047c,0.0,36.50117200000386,36.4956029355526,179.5969964005053,216.0925993360579,3202.1615902503836,5996.1058558074,9198.267446057784,2021-07-29,1141181.9583752512,WETH-USDT-500
45,-12530.988607670912,12485.37150219455,-0.0,107183.66482,-29407488.561781283,29407608.249034658,12485.37150219455,107237.283462,29407661.862368133,0x6e9dd0e92b68eef3abc245411bc13694eff933b2,-198700,-198690,1627671297,12928694,0,2021-07-30 18:54:57,Mint,Burn,0xa8f7535019c9a3494c3c35e7b1404bec5335ea8d16abb8870a36a7c9224b40ec,0x76065eb7344837ae9ab1c83783f6b8bd9832706dd4265a61629ee81ee6705c73,0.0,53.61864200000127,53.613333474844694,119.68725337460637,173.30058684945107,3255.7749237252283,6115.793109182006,9371.568032907235,2021-07-30,1164256.616761876,WETH-USDT-500
46,-15580.977074593831,15555.552758348065,-0.0,66351.13622,-40596861.169735044,40596974.40081909,15555.552758348065,66384.328384,40597007.59607031,0x9a4b736749bdeb4b481fa57198ba4caeb3b07723,-197650,-197640,1627810791,12938879,0,2021-08-01 09:39:51,Mint,Burn,0xcbb502a1a15b70018ce62a7f018132fb24c285951eacf6e82691b2307e116b2a,0xbe50863aa15e3c830f90758d082af013e4e8474bfee33c534ce4f31ab2cd1aa9,0.0,33.19216399999277,33.19525121897459,113.23108404874802,146.4263352677226,3288.970174944203,6229.0241932307545,9517.994368174957,2021-08-01,1209420.3557830425,WETH-USDT-500
47,-12639.443907339464,12617.249417360907,-0.0,59151.260934,-33653387.96926438,33653453.16382016,12617.249417360907,59180.851359,33653482.75839142,0x2a9321fd65256d9e3d52c659cd7c9dee252cbd33,-197440,-197430,1627850682,12941827,0,2021-08-01 20:44:42,Mint,Burn,0xed4e7df715ece113b8d004e30494894dfb3306d1e995f176fa34f01609b5b9d2,0xb530c27022d5efd2fb06773b4a1eaf347436fe72672cf4df09b38bc472964361,0.0,29.590425000002142,29.594571255147457,65.19455578178167,94.78912703692913,3318.5647461993503,6294.218749012536,9612.783495211886,2021-08-01,1209420.3557830425,WETH-USDT-500
48,-0.0,52.11666000713102,-7768258.343627,7630881.291745,-7771739.253962984,7771784.507905107,52.14273137281743,7630881.291745,7771853.284225099,0x81ca1f172891be4573f88745eac074f7fea90d42,-197560,-197550,1627919487,12946824,0,2021-08-02 15:51:27,Mint,Burn,0x2aa393011515b68f117deeefb79eaa28e4c79c92b5f594df707ff205ae671f03,0xa0f9f4a7f9e9142d038664b28ad6f06cb07045f1541cdc4488f5a3012df6b90e,0.026071365686412662,0.0,68.77631999179721,45.25394212268293,114.03026211448014,3387.3410661911475,6339.472691135219,9726.813757326367,2021-08-02,1245305.7513783714,WETH-USDT-500
49,-10103.350780094785,10059.472673891785,-0.0,119422.731982,-27551618.623626433,27551370.99584986,10059.472673891785,119482.473218,27551430.729224406,0x0364aabefc13885f05d8ca86cbe3e564cd07f6f1,-197230,-197220,1628120895,12961662,0,2021-08-04 23:48:15,Mint,Burn,0xd8984d224d1a6d07c113076d91f2f71f03a6287436d1caf26b86d2f58a807c6e,0x536babb0a7af5d6be487b68c910af462b1952fef57ed3e9be13619ab34a19e72,0.0,59.74123600000166,59.733374547213316,-247.62777657434344,-187.89440202713013,3447.074440738361,6091.844914560876,9538.919355299236,2021-08-04,1339152.1213153133,WETH-USDT-500
